Quien?,Name,Year,Runtime
Cami,Avatar: The Way of Water,2022,192
Cami,Black Panther: Wakanda Forever,2022,161
Cami,The Blair Witch Project,1999,81
Cami,Whiplash,2014,107
Cami,Stand by Me,1986,89
Cami,The Menu,2022,107
Cami,The Fallout,2021,92
Cami,The Social Network,2010,120
Cami,Beautiful Boy,2018,120
Cami,Barbie: Princess Charm School,2011,79
Cami,Harry Potter and the Philosopher's Stone,2001,152
Cami,Harry Potter and the Chamber of Secrets,2002,161
Cami,Harry Potter and the Prisoner of Azkaban,2004,142
Cami,American Pie,1999,95
Cami,The Black Phone,2021,103
Cami,Harry Potter and the Goblet of Fire,2005,157
Cami,Harry Potter and the Order of the Phoenix,2007,138
Cami,Harry Potter and the Half-Blood Prince,2009,153
Cami,Harry Potter and the Deathly Hallows: Part 1,2010,146
Cami,Harry Potter and the Deathly Hallows: Part 2,2011,130
Cami,Scream VI,2023,123
Cami,Everything Everywhere All at Once,2022,139
Cami,John Wick: Chapter 4,2023,169
Cami,Spencer,2021,111
Cami,A Quiet Place Part II,2020,97
Cami,Hunger,2023,145
Cami,Spotlight,2015,129
Cami,The Little Mermaid,2023,135
Cami,Ant-Man and the Wasp: Quantumania,2023,124
Cami,The Hunger Games,2012,142
Cami,The Hunger Games: Catching Fire,2013,146
Cami,The Hunger Games: Mockingjay – Part 1,2014,123
Cami,The Hunger Games: Mockingjay – Part 2,2015,137
Cami,Spider-Man: Into the Spider-Verse,2018,117
Cami,Spider-Man: Across the Spider-Verse,2023,144
Cami,Oppenheimer,2023,180
Cami,Barbie,2023,110
Cami,The Other Woman,2014,109
Cami,"Red, White & Royal Blue",2023,118
Cami,The Nun II,2023,105
Cami,The Help,2011,146
Cami,"Girl, Interrupted",1999,127
Cami,No Hard Feelings,2023,103
Cami,Poor Things,2023,141
Cami,Society of the Snow,2023,144
Cami,Priscilla,2023,113
Cami,Anyone But You,2023,104
Cami,Before Sunrise,1995,101
Cami,Drop Dead Gorgeous,1999,98
Cami,Perfect Days,2023,125
Cami,The Tale,2018,114
Cami,American Hustle,2013,138
Cami,Mean Girls,2024,112
Cami,Uptown Girls,2003,92
Cami,Orphan,2009,123
Cami,Bodies Bodies Bodies,2022,95
Cami,Step Up,2006,104
Cami,Emma.,2020,124
Cami,Get a Clue,2002,84
Cami,When Evil Lurks,2023,99
Cami,X,2022,105
Cami,Ferrari,2023,130
Cami,Knowing,2009,121
Cami,Past Lives,2023,116
Cami,All of Us Strangers,2023,105
Cami,The Joy Luck Club,1993,139
Cami,One Life,2023,110
Cami,The Deep End of the Ocean,1999,106
Mati,Pampa Salvaje,1966,112
Mati,Whiplash,2014,105
Mati,Nope,2022,130
Mati,The Thing,1982,109
Mati,Dune,2021,156
Mati,Coco,2017,105
Mati,Doctor Strange,2016,115
Mati,Up,2009,96
Mati,Gladiator,2000,155
Mati,Brave,2012,93
Mati,The Hobbit: An Unexpected Journey,2012,169
Mati,The Empreror's New Groove,2000,78
Mati,The Polar Express,2004,100
Mati,Where The Wild Things Are,2009,101
Mati,The Last Airbender,2010,103
Mati,James and The Giant Peach,1996,79
Mati,Dungeons & Dragons: Honor Among Thieves,2023,134
Mati,The Super Mario Bros. Movie,2023,92
Mati,Love After Music,2023,336
Mati,To Catch a Killer,1992,119
Mati,Elemental,2023,102
Mati,The Master,2012,137
Mati,Barbie,2023,110
Mati,The Banshees of Inisherin,2022,114
Mati,Talk to Me,2023,90
Mati,X,2022,105
Mati,When Evil Lurks,2023,99
Mati,Killers of the Flower Moon,2023,206
Mati,8 Mile,2002,110
Mati,Five Nights at Freddy's,2023,110
Mati,Volley,2014,95
Mati,Burn After Reading,2008,96
Mati,The Holdovers,2023,133
Mati,Society of the Snow,2023,144
Mati,The Boy and the Heron,2023,124
Mati,Mindcage,2022,97
Mati,"Argentina, 1985",2022,141
Mati,The Conference,2023,107
Mati,A Buenos Aires Ghost,2008,94
Mati,Perfect Days,2023,124
Mati,Zone of Interest,2023,105